Id,FirstName,LastName
1,Aaron,Tremblay
2,Helena,Daugherty
3,Cloyd,Upton
4,Daren,Leffler
5,Wilber,Zemlak
6,Loraine,Larkin
7,Holly,Pouros
8,Martin,Heaney
9,Alta,Wintheiser
10,Roberto,Carroll
11,Tiara,Herman
12,Isabella,Kreiger
13,Malika,Veum
14,Laura,OReilly
15,Devon,Jerde
16,Bridgette,Tremblay
17,Stanford,Balistreri
18,Jacey,Connelly
19,Ashly,Dare
20,Mya,Baumbach
21,Elroy,Lowe
22,Aubree,Donnelly
23,Darion,Emard
24,Webster,Donnelly
25,Lilian,Kohler
26,Orion,Stokes
27,Hector,Green
28,Keaton,Klocko
29,Waylon,Fritsch
30,Egane,Kerluke
31,Julianne,Howe
32,Gene,Mayer
33,Eryn,Bernhard
34,Lyric,Littel
35,Mavis,Jacobs
36,Miracle,Beahan
37,Stacy,Macejkovic
38,Jarred,Wunsch
39,Lamont,Pfeffer
40,Chauncey,Jakubowski
41,Philip,Hand
42,Guido,Wisozk
43,Alexie,Larkin
44,Providenci,Abbott
45,Melba,Watsica
46,Josefina,Aufderhar
47,Hubert,Runolfsdottir
48,Leo,Johnson
49,Margarett,Abernathy
50,Madelyn,Lehner